26665,ESPATULA DE TEXTURA GOSTO DOCE 01 1UN,14.5,14.5
26666,ESPATULA DE TEXTURA GOSTO DOCE 02 1UN,14.5,14.5
26667,ESPATULA DE TEXTURA GOSTO DOCE 03 1UN,14.5,14.5
26668,ESPATULA DE TEXTURA GOSTO DOCE 04 1UN,14.5,14.5
26669,ESPATULA DE TEXTURA GOSTO DOCE 05 1UN,14.5,14.5
26670,ESPATULA DE TEXTURA GOSTO DOCE 06 1UN,14.5,14.5
26671,ESPATULA DE TEXTURA GOSTO DOCE 07 1UN,14.5,14.5
26672,ESPATULA DE TEXTURA GOSTO DOCE 08 1UN,14.5,14.5
26673,ESPATULA DE TEXTURA GOSTO DOCE 09 1UN,14.5,14.5
26674,ESPATULA DE TEXTURA GOSTO DOCE 10 1UN,14.5,14.5
26675,ESPATULA DE TEXTURA GOSTO DOCE 11 1UN,14.5,14.5
26676,ESPATULA DE TEXTURA GOSTO DOCE 12 1UN,14.5,14.5
27250,CORTADOR ANCORA 1 G  1UN,6,0
19239,CORTADOR BALAO G 1UN,6.5,6.89
19238,CORTADOR BALAO M 1UN,5.5,5.83
14881,CORTADOR BONECO GO 1UN,6,10.962725
24416,CORTADOR COQUEIRO 2M 1UN,5,4.77
27268,CORTADOR FACE  GIRAFA 1  G  1UN,6,0
27251,CORTADOR FACE DE GALINHO 1 G 1UN,6,0
27267,CORTADOR FACE ELEFANTE 1  G  1UN,6,0
27265,CORTADOR FACE MACACO 1  G  1UN,6,0
27266,CORTADOR FACE ZEBRA 1  G  1UN,6,0
14888,CORTADOR FLAMINGO M 1UN,8.5,9.01
27232,CORTADOR GIRAFA 1 M 1UN,4.5,0
16684,CORTADOR HAMSA(MAO DE FATIMA) 1UN,9,6.36
20709,CORTADOR HEROI 10  1UN,8.9,9.434
20708,CORTADOR HEROI 2  1UN,8.9,9.434
20711,CORTADOR HEROI 4  1UN,8.9,9.434
20707,CORTADOR HEROI 6  1UN,8.9,9.434
20714,CORTADOR HEROI 9  1UN,8.9,9.969599
20714,CORTADOR HEROI 9  1UN,8.9,11.554
27236,CORTADOR KIT ANCORAS 1UN,8.5,0
27254,CORTADOR KIT ANIMAIS FAZENDA 1 M 1UN,12,0
27252,CORTADOR KIT ANIMAIS FAZENDA 1 P 1UN,10,0
27255,CORTADOR KIT ANIMAIS FAZENDA 2 M 1UN,12,0
27253,CORTADOR KIT ANIMAIS FAZENDA 2 P 1UN,10,0
27241,CORTADOR KIT BAILARINA 1 G 1UN,10,0
27240,CORTADOR KIT BAILARINA 1 M 1UN,9,0
27239,CORTADOR KIT BAILARINA 1 P 1UN,8,0
21704,CORTADOR KIT BALAO/BANDEIRINHA G 1UN,9.5,10.417813
21731,CORTADOR KIT BALAO/BANDEIRINHA M 1UN,7.5,8.297813
21719,CORTADOR KIT BIGODE E GRAVATA P 1UN,9,10.271484
27242,CORTADOR KIT CIRCO 2 1UN,16,0
27246,CORTADOR KIT CIRCO 3  G   1UN,10,0
27244,CORTADOR KIT CIRCO 3  M   1UN,9,0
27245,CORTADOR KIT CIRCO 4  G   1UN,10,0
27243,CORTADOR KIT CIRCO 4 M   1UN,9,0
21707,CORTADOR KIT CORACAO  1 G 1UN,6,6.707813
21723,CORTADOR KIT CORACAO 15 1UN,13,14.127813
21708,CORTADOR KIT ESTRELA 1 G 1UN,6,6.707813
14917,CORTADOR KIT ESTRELA 1UN,4,4.24
27261,CORTADOR KIT FACE SAFARI 1 M 1UN,9,0
27259,CORTADOR KIT FACE SAFARI 1 P 1UN,10.5,0
27260,CORTADOR KIT FACE SAFARI 2  P 1UN,10.5,0
27262,CORTADOR KIT FACE SAFARI 2 M 1UN,9,0
27263,CORTADOR KIT FACE SAFARI 3 M 1UN,9,0
14913,CORTADOR KIT FESTA JUNINA M 1UN,11,12.022725
14887,CORTADOR KIT FLAMINGO P 1UN,7,7.42
27270,CORTADOR KIT FOLHAS 2  1UN,4,0
25656,CORTADOR KIT FRUTAS P  1UN,13.5,14.31
14880,CORTADOR KIT FUNDO DO MAR M 1UN,6,6.36
27238,CORTADOR KIT FUNDO DO MAR P 1UN,15,0
27264,CORTADOR KIT HEROI PJ  1UN,25,0
25639,CORTADOR KIT HORTENCIA   P  1UN,10,10.6
20677,CORTADOR KIT MARGARIDA 1UN,10,10.6
14914,CORTADOR KIT MINI CORACAO 1UN,3.5,3.920629
14914,CORTADOR KIT MINI CORACAO 1UN,3.5,3.71
14915,CORTADOR KIT MINI ESTRELA 1UN,3.5,3.899501
27269,CORTADOR KIT MINI FOLHAS 1UN,3.5,0
25641,CORTADOR KIT MINI MARGARIDA  1UN,6,6.36
27234,CORTADOR KIT MINI PET DOG 1UN,9.5,0
16683,CORTADOR KIT NUVENS 1UN,6.5,6.36
16692,CORTADOR KIT PEONIA 1UN,6,17.564176
27233,CORTADOR KIT PET DOG 1 P 1UN,10,0
27237,CORTADOR KIT PONTO DE INTERROGAC.1 P 1UN,8,0
17850,CORTADOR KIT QUADRADADO 1UN,4.5,4.77
19251,CORTADOR KIT TRIANGULO 1UN,4.5,4.77
27258,CORTADOR KIT URSO E MENINA 1 G 1UN,11,0
25633,CORTADOR KIT VESTIDO  P 1UN,8,8.48
27247,CORTADOR MINI KIT ORQUIDEA 1   1UN,9,0
27248,CORTADOR MINI KIT ORQUIDEA 2   1UN,9,0
16702,CORTADOR MOLDE CASA 10   1UN,6,12.72
16704,CORTADOR MOLDE CASA 19 1UN,6,15.838613
14901,CORTADOR MOLDURA 1 1UN,7,3.18
14903,CORTADOR MOLDURA 3 1UN,5.5,3.18
27256,CORTADOR MOLDURA 6  M  1UN,5,0
27257,CORTADOR MOLDURA 7  M  1UN,5,0
19256,CORTADOR OVO DA  PASCOA G  1UN,6.5,4.77
19253,CORTADOR PATA DE COELHO M 1UN,6,5.3
27249,CORTADOR PONTO DE INTERROGACAO 1 G  1UN,5.5,0
27235,CORTADOR RABO DE SEREIA 1 G 1UN,6,0
17844,CORTADOR VIVO M 1UN,6,6.684858
17856,CORTADOR VIVO P 1UN,6,2.12
27250,CORTADOR ANCORA 1 G  1UN,6,6.721078
19236,CORTADOR ANJO 3 P 1UN,3,3.18
19239,CORTADOR BALAO G 1UN,6.5,7.281168
19238,CORTADOR BALAO M 1UN,5.5,6.160988
16690,CORTADOR BOLA G 1UN,4.5,4.77
14881,CORTADOR BONECO GO 1UN,6,6.721078
20689,CORTADOR BORBOLETA 3 M 1UN,4.5,4.77
21730,CORTADOR CACTUS G 1UN,5.5,6.177813
14883,CORTADOR COQUEIRO M 1UN,4.5,4.77
20715,CORTADOR COQUEIRO P  1UN,4,4.24
17854,CORTADOR CORUJA 2  P 1UN,4.5,4.77
27268,CORTADOR FACE  GIRAFA 1  G  1UN,6,6.721078
27251,CORTADOR FACE DE GALINHO 1 G 1UN,6,6.721078
21711,CORTADOR FACE DE PANDA/URSO G 1UN,5,5.647813
27267,CORTADOR FACE ELEFANTE 1  G  1UN,6,6.721078
27265,CORTADOR FACE MACACO 1  G  1UN,6,6.721078
27266,CORTADOR FACE ZEBRA 1  G  1UN,6,6.721078
14888,CORTADOR FLAMINGO M 1UN,8.5,9.521528
27232,CORTADOR GIRAFA 1 M 1UN,4.5,5.040809
16684,CORTADOR HAMSA(MAO DE FATIMA) 1UN,9,10.081617
20710,CORTADOR HEROI 1  1UN,8.9,9.434
20709,CORTADOR HEROI 10  1UN,8.9,9.969599
20708,CORTADOR HEROI 2  1UN,8.9,9.969599
20711,CORTADOR HEROI 4  1UN,8.9,9.969599
20707,CORTADOR HEROI 6  1UN,8.9,9.969599
20713,CORTADOR HEROI 7  1UN,8.9,9.434
20706,CORTADOR HEROI 8   1UN,8.9,9.434
20714,CORTADOR HEROI 9  1UN,8.9,9.969599
27236,CORTADOR KIT ANCORAS 1UN,8.5,9.521528
27254,CORTADOR KIT ANIMAIS FAZENDA 1 M 1UN,12,13.442157
27252,CORTADOR KIT ANIMAIS FAZENDA 1 P 1UN,10,11.201797
27255,CORTADOR KIT ANIMAIS FAZENDA 2 M 1UN,12,13.442157
27253,CORTADOR KIT ANIMAIS FAZENDA 2 P 1UN,10,11.201797
27241,CORTADOR KIT BAILARINA 1 G 1UN,10,11.201797
27240,CORTADOR KIT BAILARINA 1 M 1UN,9,10.081617
27239,CORTADOR KIT BAILARINA 1 P 1UN,8,8.961438
20693,CORTADOR KIT BALAO 1UN,7,7.799001
21704,CORTADOR KIT BALAO/BANDEIRINHA G 1UN,9.5,10.641707
21731,CORTADOR KIT BALAO/BANDEIRINHA M 1UN,7.5,8.401348
21719,CORTADOR KIT BIGODE E GRAVATA P 1UN,9,10.081617
25623,CORTADOR KIT CIRCO  1   1UN,16,16.96
27242,CORTADOR KIT CIRCO 2 1UN,16,17.922875
27246,CORTADOR KIT CIRCO 3  G   1UN,10,11.201797
27244,CORTADOR KIT CIRCO 3  M   1UN,9,10.081617
27245,CORTADOR KIT CIRCO 4  G   1UN,10,11.201797
27243,CORTADOR KIT CIRCO 4 M   1UN,9,10.081617
21707,CORTADOR KIT CORACAO  1 G 1UN,6,6.721078
14905,CORTADOR KIT CORACAO 1UN,4,4.24
21723,CORTADOR KIT CORACAO 15 1UN,13,14.562336
20704,CORTADOR KIT ESPARTILHO 1UN,8,8.48
21708,CORTADOR KIT ESTRELA 1 G 1UN,6,6.721078
14917,CORTADOR KIT ESTRELA 1UN,4,4.480719
27261,CORTADOR KIT FACE SAFARI 1 M 1UN,9,10.081617
27259,CORTADOR KIT FACE SAFARI 1 P 1UN,10.5,11.761887
27260,CORTADOR KIT FACE SAFARI 2  P 1UN,10.5,11.761887
27262,CORTADOR KIT FACE SAFARI 2 M 1UN,9,10.081617
27263,CORTADOR KIT FACE SAFARI 3 M 1UN,9,10.081617
25631,CORTADOR KIT FERRAMENTAS 1UN,14,14.84
20678,CORTADOR KIT FOLHAGEM 1  1UN,18,19.08
14880,CORTADOR KIT FUNDO DO MAR M 1UN,6,6.721078
27238,CORTADOR KIT FUNDO DO MAR P 1UN,15,16.802696
27264,CORTADOR KIT HEROI PJ  1UN,25,28.004493
20677,CORTADOR KIT MARGARIDA 1UN,10,11.201797
14915,CORTADOR KIT MINI ESTRELA 1UN,3.5,3.920629
25641,CORTADOR KIT MINI MARGARIDA  1UN,6,6.721078
27234,CORTADOR KIT MINI PET DOG 1UN,9.5,10.641707
16683,CORTADOR KIT NUVENS 1UN,6.5,7.281168
16692,CORTADOR KIT PEONIA 1UN,6,6.721078
27233,CORTADOR KIT PET DOG 1 P 1UN,10,11.201797
27237,CORTADOR KIT PONTO DE INTERROGAC.1 P 1UN,8,8.961438
17850,CORTADOR KIT QUADRADADO 1UN,4.5,5.040809
25638,CORTADOR KIT TUCANO/COSTELA ADAO P  1UN,8.5,9.01
27258,CORTADOR KIT URSO E MENINA 1 G 1UN,11,12.321977
25633,CORTADOR KIT VESTIDO  P 1UN,8,8.961438
25622,CORTADOR LHAMA  1  G  1UN,6.5,6.89
20700,CORTADOR LUVA RATINHO M 1UN,4.5,4.77
27247,CORTADOR MINI KIT ORQUIDEA 1   1UN,9,10.081617
27248,CORTADOR MINI KIT ORQUIDEA 2   1UN,9,10.081617
16702,CORTADOR MOLDE CASA 10   1UN,6,6.721078
16704,CORTADOR MOLDE CASA 19 1UN,6,6.721078
14901,CORTADOR MOLDURA 1 1UN,7,7.841258
20690,CORTADOR MOLDURA 2 G  1UN,5.5,5.83
20727,CORTADOR MOLDURA 2 M  1UN,4.5,4.77
14902,CORTADOR MOLDURA 2 1UN,3.5,3.899501
14903,CORTADOR MOLDURA 3 1UN,5.5,6.160988
27256,CORTADOR MOLDURA 6  M  1UN,5,5.600899
27257,CORTADOR MOLDURA 7  M  1UN,5,5.600899
19256,CORTADOR OVO DA  PASCOA G  1UN,6.5,7.281168
19253,CORTADOR PATA DE COELHO M 1UN,6,6.721078
20697,CORTADOR POMBA 1 P  1UN,4,4.456572
27249,CORTADOR PONTO DE INTERROGACAO 1 G  1UN,5.5,6.160988
27235,CORTADOR RABO DE SEREIA 1 G 1UN,6,6.721078
27280,CORTADOR URSO 2  G 1UN,5,0
17844,CORTADOR VIVO M 1UN,6,6.721078
17856,CORTADOR VIVO P 1UN,6,6.721078
26133,ARO CORTADOR LETRA T 21CM CAPARROZ 1UN,22.17,22.586709
27167,ARO CORTADOR LETRA U 21CM CAPARROZ 1UN,22.17,0
24332,ASSAD.CUPCAKE C-12 CAV.CAPARROZ 1UN,29.18,29.738233
24331,ASSAD.CUPCAKE PEQ.C-12 CAV.CAPARROZ 1UN,20.48,21.003092
24352,ASSADEIRA FLOR 25X5CM CAPARROZ 1UN,21.3,21.294796
24290,ASSADEIRA MADELEI.31.5X30CM CAPARROZ 1UN,23.72,23.71466
27190,ASSAD.MINI BALLERINE ALUM.CAPARROZ 1UN,23.83,0
27164,BAILARINA ALUMINIO CAPARROZ 1UN,54.48,0
27178,BAILARINA ALUM.20CM CAPARROZ AMARELA 1UN,39.6,0
27177,BAILARINA ALUM.20CM CAPARROZ BRANCA 1UN,39.6,0
27182,BAILARINA ALUM.20CM CAPARROZ PRETA 1UN,39.6,0
27179,BAILARINA ALUM.20CM CAPARROZ VERDE 1UN,39.6,0
27176,BAILARINA ALUM.20CM CAPARROZ VERMELHA1UN,39.6,0
27185,BAILARINA ALUM.20CM CAPARROZ VIOLETA 1UN,39.6,0
27174,BAILARINA ALUM.25CM CAPARROZ AMARELA 1UN,48.4,0
27173,BAILARINA ALUM.25CM CAPARROZ BRANCA 1UN,48.4,0
27181,BAILARINA ALUM.25CM CAPARROZ PRETA 1UN,48.4,0
27175,BAILARINA ALUM.25CM CAPARROZ VERDE 1UN,48.4,0
27172,BAILARINA ALUM.25CM CAPARROZ VERMELHA1UN,48.4,0
27184,BAILARINA ALUM.25CM CAPARROZ VIOLETA 1UN,48.4,0
27170,BAILARINA ALUM.30CM CAPARROZ AMARELA 1UN,66,0
27169,BAILARINA ALUM.30CM CAPARROZ BRANCA 1UN,66,0
27180,BAILARINA ALUM.30CM CAPARROZ PRETA 1UN,66,0
27171,BAILARINA ALUM.30CM CAPARROZ VERDE 1UN,66,0
27168,BAILARINA ALUM.30CM CAPARROZ VERMELHA1UN,66,0
27183,BAILARINA ALUM.30CM CAPARROZ VIOLETA 1UN,66,0
27201,BAILARINA ALUM.30CM FUNDIDO CAPARROZ 1UN,202.4,0
27165,CORTADOR LETRAS S MD.INOX CAPARROZ 1UN,3.21,0
27166,CORT.TABUA COZINHA INOX 6X3 CAPARROZ 1UN,3.97,0
24293,ESPAT.C/DOBRA AMARELA 20CM CAPARROZ 1UN,10.85,11.052355
24295,ESPAT.C/DOBRA AZUL 20CM CAPARROZ 1UN,10.85,11.121938
24296,ESPAT.C/DOBRA AZUL 25CM CAPARROZ 1UN,12.53,12.517293
24297,ESPAT.C/DOBRA VERMELHA 20CM CAPARROZ 1UN,10.85,11.052355
24298,ESPAT.C/DOBRA VERMELHA 25CM CAPARROZ 1UN,12.53,12.517293
24344,ESPAT.P/BOLO LISA PONTA RED.CAPARROZ 1UN,11.67,11.68134
24306,ESPAT.PLAST.RASP.AJUSTAVEL CAPARROZ 2UN,15.93,16.231045
24336,ESPATULA C/DOBRA INOX 25CM CAPARROZ 1UN,12.53,12.756166
24301,ESPATULA LISA AZUL 20CM CAPARROZ 1UN,8.34,8.734188
24302,ESPATULA LISA AZUL 25CM CAPARROZ 1UN,10.85,10.845387
24303,ESPATULA LISA VERMELHA 20CM CAPARROZ 1UN,8.34,8.550131
24342,ESPATULA P/BOLO LISA P 30CM CAPARROZ 1UN,12.53,12.517293
24305,ESPATULA PLAST.P/CHOCOLATE CAPARROZ 1UN,2.11,2.212354
24316,F.BALLERINE 6.3X7.7X2.5CM CAPARROZ 12UN,19.47,19.4689
24307,FORMA BALLERINE 26X22X8.5CM CAPARROZ 1UN,10.55,10.749704
25160,FORMA BOLO VULCAO P 13X6CM CAPARROZ 1UN,9.72,8.339708
24313,FORMA BOLO VULCAO 21X9CM CAPARROZ 1UN,36.69,37.382966
24357,FORMA CANUDO FOLHADO N1 CAPARROZ 12UN,6.37,6.36864
24358,FORMA CANUDO FOLHADO N2 CAPARROZ 12UN,8.23,8.227535
27189,FORMA CORACAO ALUM.17X16X2 CAPARROZ 1UN,5.67,0
24360,FORMA CORACAO BALAO CAPARROZ 12UN,15.02,15.014151
24314,FORMA ESPIRAL VERM.23X10CM CAPARROZ 1UN,23.06,23.494662
24350,FORMA ESPIRAL 23X10CM CAPARROZ 1UN,21.3,22.307899
27186,FORMA SUICA ALUM.DECOR N4 CAPARROZ 1UN,42.32,0
27188,FORMA SUICA ALUM.DE.13X6 N2 CAPARROZ 1UN,8.18,0
27187,FORMA SUICA ALUM.D.24X19 N5 CAPARROZ 1UN,25.52,0
24318,FORMA SUICA DEC.N1 CAPARROZ 1UN,25.52,26.005541
25159,FORMA SUICA DEC.N1 P 13X6CM CAPARROZ 1UN,7.83,7.981011
24346,FORM.BALERINE 16.5X4.5X18.5 CAPARROZ 1UN,6.39,6.52993
24323,PA P/BOLO VERMERLHA CAPARROZ 1UN,3.08,3.079826
24324,PLACA CORT.CORACAO 16 CAVID.CAPARROZ 1UN,11.35,11.351358
27167,ARO CORTADOR LETRA U 21CM CAPARROZ 1UN,22.17,25.025079
24351,ASSADEIRA FLOR 20X5CM CAPARROZ 1UN,15.98,16.275882
24290,ASSADEIRA MADELEI.31.5X30CM CAPARROZ 1UN,23.72,26.774689
27190,ASSAD.MINI BALLERINE ALUM.CAPARROZ 1UN,23.83,26.898855
27164,BAILARINA ALUMINIO CAPARROZ 1UN,54.48,61.495998
27178,BAILARINA ALUM.20CM CAPARROZ AMARELA 1UN,39.6,44.699734
27177,BAILARINA ALUM.20CM CAPARROZ BRANCA 1UN,39.6,44.699734
27182,BAILARINA ALUM.20CM CAPARROZ PRETA 1UN,39.6,44.699734
27179,BAILARINA ALUM.20CM CAPARROZ VERDE 1UN,39.6,44.699734
27176,BAILARINA ALUM.20CM CAPARROZ VERMELHA1UN,39.6,44.699734
27185,BAILARINA ALUM.20CM CAPARROZ VIOLETA 1UN,39.6,44.699734
27174,BAILARINA ALUM.25CM CAPARROZ AMARELA 1UN,48.4,54.633009
27173,BAILARINA ALUM.25CM CAPARROZ BRANCA 1UN,48.4,54.633009
27181,BAILARINA ALUM.25CM CAPARROZ PRETA 1UN,48.4,54.633009
27175,BAILARINA ALUM.25CM CAPARROZ VERDE 1UN,48.4,54.633009
27172,BAILARINA ALUM.25CM CAPARROZ VERMELHA1UN,48.4,54.633009
27184,BAILARINA ALUM.25CM CAPARROZ VIOLETA 1UN,48.4,54.633009
27170,BAILARINA ALUM.30CM CAPARROZ AMARELA 1UN,66,74.499557
27169,BAILARINA ALUM.30CM CAPARROZ BRANCA 1UN,66,74.499557
27180,BAILARINA ALUM.30CM CAPARROZ PRETA 1UN,66,74.499557
27171,BAILARINA ALUM.30CM CAPARROZ VERDE 1UN,66,74.499557
27168,BAILARINA ALUM.30CM CAPARROZ VERMELHA1UN,66,74.499557
27183,BAILARINA ALUM.30CM CAPARROZ VIOLETA 1UN,66,74.499557
27201,BAILARINA ALUM.30CM FUNDIDO CAPARROZ 1UN,202.4,228.465309
27165,CORTADOR LETRAS S MD.INOX CAPARROZ 1UN,3.21,3.623388
24293,ESPAT.C/DOBRA AMARELA 20CM CAPARROZ 1UN,10.85,12.247276
24296,ESPAT.C/DOBRA AZUL 25CM CAPARROZ 1UN,12.53,14.143628
24297,ESPAT.C/DOBRA VERMELHA 20CM CAPARROZ 1UN,10.85,12.247276
24298,ESPAT.C/DOBRA VERMELHA 25CM CAPARROZ 1UN,12.53,14.143628
24306,ESPAT.PLAST.RASP.AJUSTAVEL CAPARROZ 2UN,15.93,17.981484
24337,ESPATULA C/DOBRA INOX 30CM CAPARROZ 1UN,15.03,15.025151
24299,ESPATULA LISA AMARELA 20CM CAPARROZ 1UN,8.34,8.550131
24300,ESPATULA LISA AMARELA 25CM CAPARROZ 1UN,10.85,11.361358
24301,ESPATULA LISA AZUL 20CM CAPARROZ 1UN,8.34,9.414035
24307,FORMA BALLERINE 26X22X8.5CM CAPARROZ 1UN,10.55,11.908641
25160,FORMA BOLO VULCAO P 13X6CM CAPARROZ 1UN,8.18,10.971753
24313,FORMA BOLO VULCAO 21X9CM CAPARROZ 1UN,36.69,41.414981
27189,FORMA CORACAO ALUM.17X16X2 CAPARROZ 1UN,5.67,6.400189
24360,FORMA CORACAO BALAO CAPARROZ 12UN,15.02,16.954293
27186,FORMA SUICA ALUM.DECOR N4 CAPARROZ 1UN,42.32,47.770019
27188,FORMA SUICA ALUM.DE.13X6 N2 CAPARROZ 1UN,8.18,9.23343
27187,FORMA SUICA ALUM.D.24X19 N5 CAPARROZ 1UN,25.52,28.806495
25159,FORMA SUICA DEC.N1 P 13X6CM CAPARROZ 1UN,7.83,8.838357
24323,PA P/BOLO VERMERLHA CAPARROZ 1UN,3.08,3.476646
27192,AMIDO DE MILHO QUALIMAX 1.01KG,4.0549,0
27194,CALDO DE CARNE QUALIMAX 1.01KG,5.4168,0
27193,CALDO DE GALINHA QUALIMAX 1.01KG,5.4168,0
27196,CALDO/TEMP.P/FRUTOS DO MAR QUALIMAX 500G,6.908,0
27195,CREME DE CEBOLA QUALIMAX 1.01KG,13.617,0
27191,MIST.P/PAO DE QUEIJO QUALIMAX 1KG,6.329114,0
27199,MOLHO BECHAMEL QUALIMAX 400G,6.2943,0
27198,MOLHO DEMI GLACE QUALIMAX 400G,10.86,0
27197,MOLHO 4 QUEIJOS QUALIMAX 400G,10.6799,0
27200,PURE DE BATATA COMPLETO QUALIMAX 800G,13.573667,0
7433,FORMA BWB BOLO DETALHADO GRANDE  ESP.1UN,4.74,4.625635
7436,FORMA BWB CUPCAKE ESP.1UN,4.74,4.670405
13832,FORMA BWB SIMP.FOLHA 1UN,0.605,0.494727
13835,FORMA BWB SIMP.PANELA 1UN,0.605,0.46746
13825,FORMA BWB SIMP.ROSA PIRULITO 1UN,0.605,0.526576
14070,FORMA BWB TRAD.ESP.MINI PAO MEL COR.1UN,4.74,5.0244
14076,FORMA BWB TRAD.ESP.PORTA JOIA COR.DEC1UN,4.74,5.0244
7434,FORMA ESP.BWB BOLO DETALHADO PEQ.1UN,4.74,4.749509
24582,FORMA ESP.BWB SP 1018 TRUFA HELICE 1UN,5.7,6.042
24579,FORMA ESP.BWB SP 1078 BOLO BOMBOM PQ.1UN,5.7,6.042
24586,FORMA ESP.TRAD.BWB ABACAXI 1UN,4.74,5.0244
22823,FORMA ESP.TRAD.BWB ALPINO 1UN,4.74,5.0244
22822,FORMA ESP.TRAD.BWB CONCHINHA 1UN,4.74,5.0244
25605,FORMA ESP.TRAD.BWB CONE MEDIO 1UN,4.74,5.0244
13266,FORMA ESP.TRAD.BWB COPO MOUSSE 3 1UN,4.74,4.749509
17456,FORMA ESP.TRAD.BWB ESFERA C/FURO 1UN,4.74,5.068998
27158,FORMA ESP.TRAD.BWB JOYSTICK 1UN,4.74,5.0244
27159,FORMA ESP.TRAD.BWB MINI BOCA 1UN,4.74,5.0244
27160,FORMA ESP.TRAD.BWB MINI TRUFA FOLHA 1UN,4.74,5.0244
16882,FORMA ESP.TRAD.BWB PAO DE MEL 1UN,2.89,3.338423
22816,FORMA ESP.TRAD.BWB SP 813 MINI TRUFA 1UN,5.7,6.042
7430,FORMA ESP.TRAD.BWB TRUFA PEQUENA 1UN,2.89,3.541835
13856,FORMA SIMP.BWB BOTOES 1UN,0.605,0.558249
24588,FORMA SIMP.TRAD.BWB ALIANCAS 1UN,0.605,0.6413
16874,FORMA SIMP.TRAD.BWB ALPINO 1UN,0.605,0.6413
20523,FORMA SIMP.TRAD.BWB ANIMAIS AFRICA 1UN,0.605,0.521601
25607,FORMA SIMP.TRAD.BWB APLIQUE FLORES 1UN,0.605,0.6413
16881,FORMA SIMP.TRAD.BWB BB.RT.MD.BLISTER 1UN,0.605,0.6413
7447,FORMA SIMP.TRAD.BWB BOMB.MAMADEIRA 1UN,0.605,0.566071
27161,FORMA SIMP.TRAD.BWB BOMBOM DETALHA.2 1UN,0.605,0.6413
20549,FORMA SIMP.TRAD.BWB BOMBOM DETALH.13 1UN,0.605,0.597786
17473,FORMA SIMP.TRAD.BWB BOMBOM LISO GDE.1UN,0.605,0.6413
13857,FORMA SIMP.TRAD.BWB BOMBOM LISO PEQ.1UN,0.605,0.6413
13858,FORMA SIMP.TRAD.BWB BOMBOM ROSA 1UN,0.605,0.6413
20535,FORMA SIMP.TRAD.BWB CAUDA DE SEREIA 1UN,0.605,0.526576
22827,FORMA SIMP.TRAD.BWB CEREJAO 1UN,0.605,0.6413
13831,FORMA SIMP.TRAD.BWB CHAPEU COWBOY 1UN,0.605,0.488259
13861,FORMA SIMP.TRAD.BWB COLHER 1UN,0.605,0.516094
16877,FORMA SIMP.TRAD.BWB COPINHO LICOR 1UN,0.605,0.6413
14084,FORMA SIMP.TRAD.BWB CORACAO RISCADO 1UN,0.605,0.6413
13863,FORMA SIMP.TRAD.BWB FLORZINHA APLIQUE1UN,0.605,0.6413
13842,FORMA SIMP.TRAD.BWB FUNDO DO MAR 1UN,0.605,0.6413
27162,FORMA SIMP.TRAD.BWB HELICOPTERO 1UN,0.605,0.6413
20547,FORMA SIMP.TRAD.BWB I LOVE YOU 1UN,0.605,0.6413
13841,FORMA SIMP.TRAD.BWB KIT MAQUIAGEM 1UN,0.605,0.50456
13839,FORMA SIMP.TRAD.BWB LACINHO 1UN,0.605,0.516094
13275,FORMA SIMP.TRAD.BWB MUSICAL 1UN,0.605,0.50456
16866,FORMA SIMP.TRAD.BWB NUMEROS 1 1UN,0.605,0.526576
13273,FORMA SIMP.TRAD.BWB OSSO DOG 1UN,0.605,0.558249
20540,FORMA SIMP.TRAD.BWB PASTA AMERICAN-1 1UN,0.605,0.50456
17469,FORMA SIMP.TRAD.BWB PIR.BIGODE HANDL.1UN,0.605,0.6413
13827,FORMA SIMP.TRAD.BWB PIRULITAO 1UN,0.605,0.6413
25602,FORMA SIMP.TRAD.BWB PIRULITO BOLA 1UN,0.605,0.6413
7446,FORMA SIMP.TRAD.BWB PORTA RETRATO 1UN,0.605,0.50456
20546,FORMA SIMP.TRAD.BWB PORT.RET.CAMAFEU 1UN,0.605,0.6413
16879,FORMA SIMP.TRAD.BWB QUADRADO MEDIO 1UN,0.605,0.6413
22832,FORMA SIMP.TRAD.BWB SP 10 BOMBOM 1UN,1.723,1.82638
22831,FORMA SIMP.TRAD.BWB SP 12 CEREJAO 1UN,1.723,1.82638
22829,FORMA SIMP.TRAD.BWB SP91 TRUFA MEDIA 1UN,1.723,1.82638
16853,FORMA SIMP.TRAD.BWB TABLET MEDIO 1UN,0.605,0.6413
7448,FORMA SIMP.TRAD.BWB TIPO KITKAT 1UN,0.605,0.46746
7437,FORMA SIMP.TRAD.BWB TRUFA GRANDE 1UN,0.605,0.46746
16861,FORMA SIMP.TRAD.BWB TRUFA MARCADA 1UN,0.605,0.46746
25610,FORMA SIMP.TR.BWB CONE INCLINADO 1UN,0.605,0.6413
25609,FORMA SIMP.TR.BWB PLAQ.RED LISA 30X3 1UN,0.605,0.6413
25611,FORMA SIMP.TR.BWB PLAQ.RED TEXTURIZ.1UN,0.605,0.47954
27231,PALITOS P/PIRULITO BWB PQ.ROSA SOL.100UN,1.81,0
17464,PLACA DE TEXTURA BWB MATELASSE 1UN,4.24,4.4944
13274,TIRA DE ACETATO BWB 15CMX4M 1UN,7.43,7.8758
19432,DERRETEDEIRA PRAT.BWB P/CHOC.ROSA 1UN,5.69,5.247
14070,FORMA BWB TRAD.ESP.MINI PAO MEL COR.1UN,4.74,4.558
14076,FORMA BWB TRAD.ESP.PORTA JOIA COR.DEC1UN,4.74,4.592787
24582,FORMA ESP.BWB SP 1018 TRUFA HELICE 1UN,5.7,5.4908
24579,FORMA ESP.BWB SP 1078 BOLO BOMBOM PQ.1UN,5.7,5.583391
24578,FORMA ESP.BWB SP 834 SUPER TRUFA 1UN,5.7,5.583391
24583,FORMA ESP.BWB SP 847 MIN.TRUFA ALONG.1UN,5.7,5.583391
24581,FORMA ESP.BWB SP 9419 ESFERA DE 50MM 1UN,5.7,5.583391
24580,FORMA ESP.BWB SP 960 TRUFA DA PAZ 1UN,5.7,5.583391
24586,FORMA ESP.TRAD.BWB ABACAXI 1UN,4.74,4.632313
22823,FORMA ESP.TRAD.BWB ALPINO 1UN,4.74,4.65497
22822,FORMA ESP.TRAD.BWB CONCHINHA 1UN,4.74,4.558
25605,FORMA ESP.TRAD.BWB CONE MEDIO 1UN,4.74,4.749509
27158,FORMA ESP.TRAD.BWB JOYSTICK 1UN,4.74,0
27159,FORMA ESP.TRAD.BWB MINI BOCA 1UN,4.74,0
27160,FORMA ESP.TRAD.BWB MINI TRUFA FOLHA 1UN,4.74,0
22818,FORMA ESP.TRAD.BWB SP 41 TRUFA PEQ.1UN,5.7,5.4908
22817,FORMA ESP.TRAD.BWB SP 42 TRUFA GDE.1UN,5.7,6.075068
22816,FORMA ESP.TRAD.BWB SP 813 MINI TRUFA 1UN,5.7,5.696076
17476,FORMA ESP.TRAD.BWB TRUFA CONCAVA 1UN,4.74,4.719243
24588,FORMA SIMP.TRAD.BWB ALIANCAS 1UN,0.605,0.513582
16874,FORMA SIMP.TRAD.BWB ALPINO 1UN,0.605,0.516094
25607,FORMA SIMP.TRAD.BWB APLIQUE FLORES 1UN,0.605,0.47954
16881,FORMA SIMP.TRAD.BWB BB.RT.MD.BLISTER 1UN,0.605,0.513582
27161,FORMA SIMP.TRAD.BWB BOMBOM DETALHA.2 1UN,0.605,0
13860,FORMA SIMP.TRAD.BWB BOMBOM DIAMANTE 1UN,0.605,0.521601
17473,FORMA SIMP.TRAD.BWB BOMBOM LISO GDE.1UN,0.605,0.526576
13857,FORMA SIMP.TRAD.BWB BOMBOM LISO PEQ.1UN,0.605,0.516094
13859,FORMA SIMP.TRAD.BWB BOMBOM MINI 1UN,0.605,0.597786
16875,FORMA SIMP.TRAD.BWB BOMBOM PEQUENO 1UN,0.605,0.526576
13858,FORMA SIMP.TRAD.BWB BOMBOM ROSA 1UN,0.605,0.516094
20532,FORMA SIMP.TRAD.BWB BORBOLETA MEDIA 1UN,0.605,0.50456
22827,FORMA SIMP.TRAD.BWB CEREJAO 1UN,0.605,0.558249
16877,FORMA SIMP.TRAD.BWB COPINHO LICOR 1UN,0.605,0.50456
14084,FORMA SIMP.TRAD.BWB CORACAO RISCADO 1UN,0.605,0.558249
13863,FORMA SIMP.TRAD.BWB FLORZINHA APLIQUE1UN,0.605,0.50456
13842,FORMA SIMP.TRAD.BWB FUNDO DO MAR 1UN,0.605,0.526576
27162,FORMA SIMP.TRAD.BWB HELICOPTERO 1UN,0.605,0
20547,FORMA SIMP.TRAD.BWB I LOVE YOU 1UN,0.605,0.516094
20544,FORMA SIMP.TRAD.BWB OVOS FRITOS 1UN,0.605,0.50456
17469,FORMA SIMP.TRAD.BWB PIR.BIGODE HANDL.1UN,0.605,0.516094
20538,FORMA SIMP.TRAD.BWB PIR.COROA RAINHA 1UN,0.605,0.521601
13827,FORMA SIMP.TRAD.BWB PIRULITAO 1UN,0.605,0.558249
25602,FORMA SIMP.TRAD.BWB PIRULITO BOLA 1UN,0.605,0.526576
20553,FORMA SIMP.TRAD.BWB PIRULITO OREO 1UN,0.605,0.526576
13840,FORMA SIMP.TRAD.BWB PORTA RETRATO MD.1UN,0.605,0.558249
20546,FORMA SIMP.TRAD.BWB PORT.RET.CAMAFEU 1UN,0.605,0.523948
16865,FORMA SIMP.TRAD.BWB PRESTIGIO 1 1UN,0.605,0.521601
16879,FORMA SIMP.TRAD.BWB QUADRADO MEDIO 1UN,0.605,0.513582
16859,FORMA SIMP.TRAD.BWB SORVETE PALITO 1UN,0.605,0.513582
22832,FORMA SIMP.TRAD.BWB SP 10 BOMBOM 1UN,1.723,1.65996
22831,FORMA SIMP.TRAD.BWB SP 12 CEREJAO 1UN,1.723,1.65996
22830,FORMA SIMP.TRAD.BWB SP 90 TRUFA GDE.1UN,1.723,1.65996
22829,FORMA SIMP.TRAD.BWB SP91 TRUFA MEDIA 1UN,1.723,1.65996
16853,FORMA SIMP.TRAD.BWB TABLET MEDIO 1UN,0.605,0.516094
16867,FORMA SIMP.TRAD.BWB TRUFA PAZ 1 1UN,0.605,0.597786
14080,FORMA SIMP.TRAD.SABONETE COR.DEC.1UN,0.605,0.46746
25610,FORMA SIMP.TR.BWB CONE INCLINADO 1UN,0.605,0.526576
25609,FORMA SIMP.TR.BWB PLAQ.RED LISA 30X3 1UN,0.605,0.47954
25608,FORMA SIMP.TR.BWB PLAQ.RED LISA 35X4 1UN,0.605,0.47954
7460,PALITOS P/PIRULITO BWB CRIST.GRAND.50UN,3.09,2.8408
16899,PALITOS P/PIRULITO BWB GDE.AMARELO 50UN,3.09,2.745765
7462,PALITOS P/PIRULITO BWB GDE.AZUL 50UN,3.09,3.18712
7461,PALITOS P/PIRULITO BWB GDE.BRANCO50UN,3.09,2.8408
16903,PALITOS P/PIRULITO BWB GDE.LARANJA 50UN,3.09,2.745765
27163,PALITOS P/PIRULITO BWB GDE.VERMELHO 50UN,3.09,0
17463,PLACA DE TEXTURA BWB BOLINHAS 1UN,4.24,4.3884
17461,PLACA DE TEXTURA BWB CORACAO 1UN,4.24,4.855363
17464,PLACA DE TEXTURA BWB MATELASSE 1UN,4.24,4.3884
13848,TIRA DE ACETATO BWB 10CMX4M 1UN,5.17,4.1658
13274,TIRA DE ACETATO BWB 15CMX4M 1UN,7.43,6.1374
16905,TIRA DE ACETATO BWB 5CMX4M 1UN,3.7,2.638616
15995,ADAPTADOR PARA MATRIZ GRANDE PLAST.1UN,2.552,2.70512
23219,ALISADOR DE BOLO AJUSTAVEL DOUPAN 1UN,9.68,10.2608
8857,ALISADOR DE BOLO 1UN,5.544,5.87664
16016,ARO CORTADOR QUAD.LISO 4.6X4CM INOX 1UN,1.925,2.0405
16017,ARO CORTADOR QUAD.LISO 6.3X4CM INOX 1UN,2.42,2.5652
16019,ARO CORTADOR QUAD.LISO 7.4X4CM INOX 1UN,2.53,2.6818
8820,ARO CORTADOR RED.LISO INOX 1X2.4X4CM 1UN,1.331,1.41086
8821,ARO CORTADOR RED.LISO INOX 2X3.7X4CM 1UN,1.496,1.58735
8822,ARO CORTADOR RED.LISO INOX 3X5X4CM 1UN,1.694,1.79564
8823,ARO CORTADOR RED.LISO INOX 4X6.3X4CM 1UN,1.804,1.91224
8824,ARO CORTADOR RED.LISO INOX 5X7.4X4CM 1UN,2.09,2.2154
8825,ARO CORTADOR RED.LISO INOX 6X8.7X4CM 1UN,2.398,2.54188
8826,ARO CORTADOR RED.LISO INOX 7X10X4CM 1UN,2.706,2.86836
19169,ARO CORTADOR RED.P/BOLO INOX 15X10CM 1UN,8.184,8.958504
19170,ARO CORTADOR RED.P/BOLO INOX 20X10CM 1UN,10.164,11.125884
16026,ARO CORTADOR RED.P/BOLO INOX 20X5CM 1UN,5.7975,6.457714
19171,ARO CORTADOR RED.P/BOLO INOX 25X10CM 1UN,13.52,14.112771
15993,ASSADEIRA ROCAMBOLE 43X31X1.8CM 1UN,25.52,27.0512
12274,ASSADEIR.BANHO MARIA S/P 58X23.5X5.5 1UN,29.886,33.772864
8763,BAILARINA PLASTICA DOUPAN 1UN,34.76,36.8456
8754,BAILAR/SUP.GIRAT.P/COROA BOLO 30CM 1UN,49.48,52.931692
8770,BISTURI CORTADOR DE PESTANA 1UN,2.635,2.7931
11194,CONCHA PARA BRIGADEIRO 3.3CM 1UN,30.8,32.648
16004,CONE PARA PIZZA 12X5.5CM 1UN,5.027,5.328973
8772,COPO MEDIDOR GRANDE PLAST.500ML 1UN,3.432,3.63792
8845,CORTADOR DE CAMADAS ATE 30CM 1UN,11.232,11.90592
10191,ESPATULA DE SILICONE GRANDE DOUPAN 1UN,10.472,11.10032
8799,ESPATULA DOUPAN C/DEGRAUS 25CM 1UN,11.352,12.03312
10183,ESPATULA DOUPAN 25CM 1UN,10.472,11.10032
23221,ESPATULA ESTRIADA PLAST.DOUPAN 10CM 1UN,1.76,1.8656
8844,ESPATULA SILICONE PEQ.1UN,5.456,5.78336
8804,FORMA ARTISTICA CORACAO PEQ.1UN,17.323333,18.366267
8807,FORMA BOLO INGLES PEQ. 1UN,5.918,6.27308
8854,FORMA CUPCAKE PQ.24 ANTIAD.1UN,25.52,27.0512
12283,FORMA QUADRADA FIXA 15X6.8 1UN,11.088,11.206546
12284,FORMA QUADRADA FIXA 20X6.8 1UN,13.552,14.36512
24026,FORMA RED.DESM.C/ANTIADEREN.25X6.5CM 1UN,17.16,19.112518
10184,FORMA REDOND.CUPCAKE GRAND.DOUPAN 12UN,15.334,17.504484
12613,FORMA REDON.RETA ALUM.15X10CM 1UN,8.107,8.59342
12612,FORMA REDON.RETA ALUM.20X10CM 1UN,11.088,11.75328
16804,FORMA REDON.RETA F/FALSO ALUM.15X5CM 1UN,5.731,6.07486
8780,FORMA REDON.RETA F.FALSO ALUM.20X5CM 1UN,7.81,8.2786
8781,FORMA REDON.RETA F.FALSO ALUM.25X5CM 1UN,10.967,11.62502
8782,FORMA REDON.RETA F.FALSO ALUM.30X5CM 1UN,16.016,16.97696
16032,FORMA REDON.RETA F.FIXA 35X5CM 1UN,16.346,17.32676
16803,FORMA REDON.RETA F.FIXO ALUM.15X5CM 1UN,5.148,5.45688
16823,FORMA REDON.RETA F.FIXO ALUM.17X5CM 1UN,5.874,6.22644
15988,FORMA REDON.RETA F.FIXO ALUM.25X10CM 1UN,15.334,16.25404
15990,FORMA REDON.RETA F.FIXO ALUM.30X10CM 1UN,19.700667,20.88306
16029,FORMA REDON.RETA F.FIXO 20X5CM 1UN,6.985,7.4041
16842,FORMA REDON.RETA F.FIXO 23X5CM 1UN,8.294,8.79164
16030,FORMA REDON.RETA F.FIXO 25X5CM 1UN,9.504,10.07424
12614,FORMA REDO.RETA F/FALSO ALUM.15X10CM 1UN,8.36,8.8616
8785,FORMA REDO.RETA F/FALSO ALUM.20X10CM 1UN,11.836,12.54616
8786,FORMA REDO.RETA F/FALSO ALUM.25X10CM 1UN,17.27,18.3062
8787,FORMA REDO.RETA F/FALSO ALUM.30X10CM 1UN,22.122,23.4472
8759,FORMA TORTA MACA CRESPA F/FALSO GRAND1UN,8.107,8.59342
8760,FORMA TORTA MACA CRESPA F/FALSO PEQ.1UN,4.114,4.36084
27278,FORMA TORTA SUICA ALUM.8X5.8X11.9CM 1UN,3.146,3.33476
8812,FORMA TORTA SUICA 13X6X14.5CM 1UN,4.532,4.80392
8814,FORMA TORTA SUICA 18X8X24.7CM 1UN,8.602,9.11812
12276,FORMA TORTA SUICA 20X8X22 1UN,10.308,10.92542
16826,FORMA TORTA SUICA 23X10X25.9CM 1UN,15.8625,16.81425
8791,FORMINHA BOMBOCADO N0 12UN,6.006,6.854991
8793,FORMINHA BOMBOCADO N4 12UN,18.358,19.4616
27277,FORMINHA BRIOCHE ALUM.3.9X3.8X8.4CM 1UN,10.185833,10.796983
8856,FORMINHA CUPCAKE SILICONE 12 1UN,12.144,12.87264
16033,FORMINHA EMPADA CRESPA N00 12UN,2.915,3.0899
16099,FORMINHA EMPADA CRESPA N1 ALUM.12UN,4.268,4.853676
16816,FORMINHA EMPADA CRESPA N3 ALUM.12UN,6.886,7.537666
8784,FORMINHA EMPADA LISA N00 12UN,6.127,6.49462
16813,FORMINHA PAO DE MEL RED.F.FALSO N2 12UN,15.0475,15.95035
8775,FORMINHA PAO DE MEL REDOND.N2 12UN,12.892,14.358892
8794,FORMINHA QUINDIM MINI N0 FESTA 12UN,8.536,9.04816
8801,FORMINHA TORTA CRESPA F/FALSO MEDIA 12UN,10.967,11.62396
8800,FORMINHA TORTA CRESPA F/FALSO PEQ.12UN,8.646,9.16476
8795,FORMINHA TORTA MACA CRESPA 7.5X2X9 12UN,10.208,11.463659
8796,FORMIN.TORTA MACA CRESPA 8.4X1.9X10 12UN,12.221333,12.95426
8774,JOGO DE BICO INOX 16PCS,20.89,22.1434
10187,KIT CORTADOR PLAST.CORACAO DOUPAN 5PCS,7.172,7.60232
10189,KIT CORT.PLAST.RED.LISO/CRESPO 6PCS,6.072,6.43632
8848,KIT PARA CONFEITAR 1UN,6.6,6.996
23210,KIT P/CONF.6 BICOS+MAT.+SAQ.1UN,9.24,9.7944
8847,MEDIDOR COLHER 1UN,2.552,2.70512
8846,MEDIDOR XICARA 1UN,5.368,5.69008
15997,PAO DURO COM CABO GRANDE 1UN,3.432,3.63792
8861,PAO DURO COM CABO JOLY GRAND.1UN,7.788,8.25528
15998,PAO DURO COM CABO PEQUENO 1UN,2.904,3.07824
10190,PINCEL DE SILICONE DOUPAN 1UN,6.6,6.996
16000,RAPA COCO TUBULAR INOX 12CM 1UN,6.49,6.8794
23218,ROLINHO PASTA PLASTICO DOUPAN 22CM 1UN,10.56,11.1936
8849,SUPORTE ROSA 3.8CM 1UN,1.76,1.8656
8850,SUPORTE ROSA 5.08CM 1UN,3.3,3.498
8779,TRINCHA MESTRE CUCA 1UN,5.918,6.27308
15995,ADAPTADOR PARA MATRIZ GRANDE PLAST.1UN,2.552,2.946692
8857,ALISADOR DE BOLO 1UN,5.544,6.174814
16016,ARO CORTADOR QUAD.LISO 4.6X4CM INOX 1UN,1.925,2.0405
16017,ARO CORTADOR QUAD.LISO 6.3X4CM INOX 1UN,2.42,2.5652
16019,ARO CORTADOR QUAD.LISO 7.4X4CM INOX 1UN,2.53,2.6818
8820,ARO CORTADOR RED.LISO INOX 1X2.4X4CM 1UN,1.331,1.482445
8822,ARO CORTADOR RED.LISO INOX 3X5X4CM 1UN,1.694,1.79564
8823,ARO CORTADOR RED.LISO INOX 4X6.3X4CM 1UN,1.804,1.91224
8824,ARO CORTADOR RED.LISO INOX 5X7.4X4CM 1UN,2.09,2.2154
8825,ARO CORTADOR RED.LISO INOX 6X8.7X4CM 1UN,2.398,2.54188
8826,ARO CORTADOR RED.LISO INOX 7X10X4CM 1UN,2.706,2.86836
15993,ASSADEIRA ROCAMBOLE 43X31X1.8CM 1UN,25.52,29.466925
8763,BAILARINA PLASTICA DOUPAN 1UN,34.76,38.715101
8767,BANDEJA CANTO LISO INOX 30X20 1UN,16.468,19.014365
8768,BANDEJA CANTO LISO INOX 35X25 1UN,22.143,24.661942
8770,BISTURI CORTADOR DE PESTANA 1UN,2.635,2.5864
16839,CANETA DE CONFEITAR DE SILICONE 15CM 1UN,7.216,7.983017
11194,CONCHA PARA BRIGADEIRO 3.3CM 1UN,30.8,33.374916
16004,CONE PARA PIZZA 12X5.5CM 1UN,5.027333,5.502737
11195,CONFEITADOR DE SERINGA KIT 1UN,12.13,14.00314
8772,COPO MEDIDOR GRANDE PLAST.500ML 1UN,3.432,3.962793
8845,CORTADOR DE CAMADAS ATE 30CM 1UN,11.232,12.510012
10191,ESPATULA DE SILICONE GRANDE DOUPAN 1UN,10.472,12.0916
8799,ESPATULA DOUPAN C/DEGRAUS 25CM 1UN,11.352,12.03312
10183,ESPATULA DOUPAN 25CM 1UN,10.472,11.10032
23221,ESPATULA ESTRIADA PLAST.DOUPAN 10CM 1UN,1.76,2.009123
8844,ESPATULA SILICONE PEQ.1UN,5.456,5.78336
15985,FORMA ARTISTICA CORACAO MEDIO 1UN,18.245,19.345
8804,FORMA ARTISTICA CORACAO PEQ.1UN,17.326667,19.456102
16836,FORMA BOLO INGLES C/A.A.N1 25X13X6CM 1UN,8.448,9.40924
8807,FORMA BOLO INGLES PEQ. 1UN,5.918,6.645957
8854,FORMA CUPCAKE PQ.24 ANTIAD.1UN,25.52,28.423745
8755,FORMA P/CUPCAKE DOUPAN PEQ.12 1UN,19.899,22.162836
8811,FORMA PIZZA ALUM.35X1.5CM 1UN,13.101,14.340503
12280,FORMA QUADRADA F.FALSO 20X6.8 1UN,18.744,16.8487
12284,FORMA QUADRADA FIXA 20X6.8 1UN,13.552,13.634536
12285,FORMA QUADRADA FIXO 25X6.8 1UN,15.664,17.590787
10185,FORMA REDOND.CUPCAKE PEQ.DOUPAN 12UN,12.034,12.75604
12613,FORMA REDON.RETA ALUM.15X10CM 1UN,8.107,9.02944
12612,FORMA REDON.RETA ALUM.20X10CM 1UN,11.088,11.75328
16804,FORMA REDON.RETA F/FALSO ALUM.15X5CM 1UN,5.731,6.07486
8780,FORMA REDON.RETA F.FALSO ALUM.20X5CM 1UN,7.81,8.2786
8781,FORMA REDON.RETA F.FALSO ALUM.25X5CM 1UN,10.967,12.214859
8782,FORMA REDON.RETA F.FALSO ALUM.30X5CM 1UN,16.016,18.491881
16032,FORMA REDON.RETA F.FIXA 35X5CM 1UN,16.346,18.65973
16803,FORMA REDON.RETA F.FIXO ALUM.15X5CM 1UN,5.148,5.45688
16823,FORMA REDON.RETA F.FIXO ALUM.17X5CM 1UN,5.874,6.782473
15988,FORMA REDON.RETA F.FIXO ALUM.25X10CM 1UN,15.334,16.25404
15990,FORMA REDON.RETA F.FIXO ALUM.30X10CM 1UN,19.701,21.942641
16029,FORMA REDON.RETA F.FIXO 20X5CM 1UN,6.985,7.779775
16842,FORMA REDON.RETA F.FIXO 23X5CM 1UN,8.294,9.576751
16030,FORMA REDON.RETA F.FIXO 25X5CM 1UN,9.504,10.07424
12614,FORMA REDO.RETA F/FALSO ALUM.15X10CM 1UN,8.36,9.311227
8785,FORMA REDO.RETA F/FALSO ALUM.20X10CM 1UN,11.836,13.182737
8786,FORMA REDO.RETA F/FALSO ALUM.25X10CM 1UN,17.27,19.940979
8787,FORMA REDO.RETA F/FALSO ALUM.30X10CM 1UN,22.12,24.637996
8759,FORMA TORTA MACA CRESPA F/FALSO GRAND1UN,8.107,8.59342
8758,FORMA TORTA MACA CRESPA F/FALSO MEDIA1UN,7.084,7.50904
8760,FORMA TORTA MACA CRESPA F/FALSO PEQ.1UN,4.114,4.36084
27278,FORMA TORTA SUICA ALUM.8X5.8X11.9CM 1UN,3.146,0
16007,FORMA TORTA SUICA 11X6X13.4CM 1UN,3.927,4.53435
8812,FORMA TORTA SUICA 13X6X14.5CM 1UN,4.532,4.80392
8813,FORMA TORTA SUICA 15X8X19CM 1UN,7.469,7.91714
8814,FORMA TORTA SUICA 18X8X24.7CM 1UN,8.602,9.11812
12276,FORMA TORTA SUICA 20X8X22 1UN,10.307,11.480097
16826,FORMA TORTA SUICA 23X10X25.9CM 1UN,15.8625,16.81372
8793,FORMINHA BOMBOCADO N4 12UN,18.36,21.199559
27277,FORMINHA BRIOCHE ALUM.3.9X3.8X8.4CM 1UN,10.185833,0
8856,FORMINHA CUPCAKE SILICONE 12 1UN,12.144,14.022192
16096,FORMINHA EMPADA LISA N0 ALUM.12UN,7.678,8.404618
8784,FORMINHA EMPADA LISA N00 12UN,6.127,6.824149
8790,FORMINHA EMPADA LISA N02 12UN,8.921,10.093918
16815,FORMINHA EMPADA LISA N03 12UN,10.67,11.3102
8789,FORMINHA EMPADA LISA N04 12UN,13.002,14.78516
16097,FORMINHA EMPADA LISA N1 ALUM.12UN,8.107,9.360829
16098,FORMINHA EMPADA LISA N5 ALUM.12UN,14.454,16.098621
16813,FORMINHA PAO DE MEL RED.F.FALSO N2 12UN,15.0475,16.90126
8817,FORMINHA QUICHE F/FALSO N1 12UN,23.638,25.87611
8794,FORMINHA QUINDIM MINI N0 FESTA 12UN,8.536,9.04975
8801,FORMINHA TORTA CRESPA F/FALSO MEDIA 12UN,10.966,11.6229
8800,FORMINHA TORTA CRESPA F/FALSO PEQ.12UN,8.646,9.611218
8796,FORMIN.TORTA MACA CRESPA 8.4X1.9X10 12UN,12.221,12.95532
16012,FORM.QUAD.CONICA FESTA 2.1X1.7X3.7CM 12U,6.402,7.130439
23987,JOGO CORTADOR PLAST.RED.CRESPO 6PCS,6.072,6.762891
8774,JOGO DE BICO INOX 16PCS,20.89,22.14128
10187,KIT CORTADOR PLAST.CORACAO DOUPAN 5PCS,7.172,8.753404
10188,KIT CORT.PLAST.RED.LISO/CRESPO 5PCS,6.072,6.646632
10189,KIT CORT.PLAST.RED.LISO/CRESPO 6PCS,6.072,8.039374
23220,KIT ESTECAS PLAST.DOUPAN 14UN,8.8,9.735387
8848,KIT PARA CONFEITAR 1UN,6.6,7.350968
23210,KIT P/CONF.6 BICOS+MAT.+SAQ.1UN,9.24,9.7944
8847,MEDIDOR COLHER 1UN,2.552,2.842374
8846,MEDIDOR XICARA 1UN,5.368,6.104195
15997,PAO DURO COM CABO GRANDE 1UN,3.432,3.63792
8861,PAO DURO COM CABO JOLY GRAND.1UN,7.788,8.674143
15998,PAO DURO COM CABO PEQUENO 1UN,2.904,4.198386
10190,PINCEL DE SILICONE DOUPAN 1UN,6.6,6.996
16000,RAPA COCO TUBULAR INOX 12CM 1UN,6.49,7.10419
23218,ROLINHO PASTA PLASTICO DOUPAN 22CM 1UN,10.56,11.76155
16814,ROLO DE MASSA GIRATORIO POLIET.30X6CM 1U,46.64,75.332844
8841,ROLO DE MASSA GIRAT.POLIETILENO 35X7 1UN,86.24,99.577884
23215,ROLO MODELADOR N7 DOUPAN 25CM 1UN,12.144,13.862949
8849,SUPORTE ROSA 3.8CM 1UN,1.76,1.947077
8850,SUPORTE ROSA 5.08CM 1UN,3.3,3.498
16832,TAPETE SILICONE 53 CAVIDADES 3.8CM 1UN,25.253333,27.645042
8779,TRINCHA MESTRE CUCA 1UN,5.918,6.591368
13690,COPO RIOPLASTIC 300ML ACAI 50UN,4.6739,4.849394
17624,COPO RIOPLASTIC 330ML POST MIX 50UN,3.085,3.00245
17625,COPO RIOPLASTIC 440ML POST MIX 50UN,4.67225,4.737355
13692,COPO RIOPLASTIC 500ML ACAI 50UN,6.54225,6.580904
17619,POTE C/TAMPA 250ML RIOPLASTIC 25UN,4.402773,4.666967
17620,POTE C/TAMPA 500ML RIOPLASTIC 25UN,7.591917,8.047415
19979,BEB.CERVEJA E.GALICIA P.MALTE LATA 350ML,2.669501,3.070967
27156,BEB.CERVEJA E.GALICIA P.MALTE LATA 473ML,3.789982,0
19972,BEB.CERVEJA E.GALICIA P.MALTE VIDR.600ML,5.183997,7.509533
27157,BEB.CERVEJA E.GALICIA VD.OHARAS IR.330ML,13.500208,0
19970,BEB.CERVEJA E.GALICIA 0.0% LATA 330ML,2.916503,3.818277
19981,BEB.CERVEJA E.GALICIA 111 ANIV.750ML,22.49,17.53
9004,ACUCAR CRISTAL MIX AMARELO 500G,3.736,4.0749
15866,ACUCAR CRISTAL MIX AMARELO 80G,0.94875,1.054378
9003,ACUCAR CRISTAL MIX AZUL 500G,3.736,3.666598
15753,ACUCAR CRISTAL MIX AZUL 80G,0.94875,0.973975
9005,ACUCAR CRISTAL MIX INCOLOR 500G,3.558,3.728116
9006,ACUCAR CRISTAL MIX PRETO 500G,3.736,4.075127
12494,ACUCAR CRISTAL MIX ROSA 500G,3.736,3.665262
9007,ACUCAR CRISTAL MIX VERDE 500G,3.736,3.664924
9007,ACUCAR CRISTAL MIX VERDE 500G,3.736,4.234872
15737,ACUCAR CRISTAL MIX VERDE 80G,0.94875,1.058843
9008,ACUCAR CRISTAL MIX VERMELHO 500G,3.736,4.075127
9008,ACUCAR CRISTAL MIX VERMELHO 500G,3.736,4.234872
15725,ACUCAR CRISTAL MIX VERMELHO 80G,0.94875,0.973975
9000,ACUCAR DE CONFEITEIRO MIX 1KG,4.435,5.078641
8999,ACUCAR IMPALPAVEL MIX 1KG,4.677,5.380776
9042,AROMA MIX ABACAXI 30ML,1.23625,1.410372
9035,AROMA MIX BAUNILHA BRANCO 30ML,1.236333,1.410263
9034,AROMA MIX BAUNILHA 30ML,1.236389,1.410372
9041,AROMA MIX COCO 30ML,1.23625,1.48194
9036,AROMA MIX LARANJA 30ML,1.236458,1.410372
9037,AROMA MIX LIMAO 30ML,1.236458,1.467201
9038,AROMA MIX MARACUJA 30ML,1.23625,1.388042
9040,AROMA MIX MENTA 30ML,1.236458,1.466968
9039,AROMA MIX MORANGO 30ML,1.236333,1.410042
15733,CARBOXI METIL CELULOSE CMC 50G,4.2665,4.762838
15764,CONFEITO AZUL GRANULADO MACIO 150G,1.219167,1.383024
15739,CONFEITO BRANCO GRANULADO MACIO 150G,1.219167,1.369602
15765,CONFEITO MESCLADO GRANULADO MACIO 150G,1.219167,1.390753
24235,CONFEITO MICANGA AZUL BEBE 500G,5.144,5.867352
24236,CONFEITO MICANGA ROSA BEBE 500G,5.144,5.867352
15729,CONFEITO MISTO GRANULADO MACIO MIX 150G,1.219167,1.390753
15741,CONFEITO MISTO GRANULADO MACIO MIX 500G,3.771389,3.960719
15760,CONFEITO ROSA GRANULADO MACIO 150G,1.219167,1.406762
15719,CONFEITO ROSA GRANULADO MACIO 500G,3.771389,3.949044
15738,CONFEITO VERDE GRANULADO MACIO 150G,1.219167,1.39064
15763,CONFEITO VERMELHO GRANULADO MACIO 150G,1.219167,1.390753
8966,CORANT.ART.ALIM.AM.DAMASCO SOFTGEL 25G,2.58,2.942801
8967,CORANT.ART.ALIM.AM.GEMA SOFTGEL 25G,2.58,2.942801
8968,CORANT.ART.ALIM.AZUL ANIS SOFTGEL 25G,2.58,2.942801
24229,CORANT.ART.ALIM.AZUL BEBE SOFTGEL 25G,2.58,2.880141
8969,CORANT.ART.ALIM.AZUL JEANS SOFTGEL 25G,2.58,2.942801
25770,CORANT.ART.ALIM.FOSCO AVELUD.LARANJA 3G,3.570833,4.118837
25769,CORANT.ART.ALIM.FOSCO AVELUD.LILAS 3G,3.570833,4.118837
25766,CORANT.ART.ALIM.FOSCO AVELUD.ROSA 3G,3.570833,4.118837
25767,CORANT.ART.ALIM.FOSCO AVELUD.TURQUESA 3G,3.570833,4.077448
25768,CORANT.ART.ALIM.FOSCO AVELUD.VDE.MUSG.3G,3.570833,4.118837
8979,CORANT.ART.ALIM.GEL AMARELO DAMASCO 15G,1.469167,1.675795
8980,CORANT.ART.ALIM.GEL AMARELO GEMA 15G,1.469167,1.694259
8982,CORANT.ART.ALIM.GEL AZUL JEANS 15G,1.469167,1.694259
8986,CORANT.ART.ALIM.GEL LARANJA 15G,1.469167,1.694259
23107,CORANT.ART.ALIM.GEL MARFIM 15G,1.469167,1.640114
8992,CORANT.ART.ALIM.GEL MARROM CHOC.15G,1.469167,1.675795
8985,CORANT.ART.ALIM.GEL PINK 15G,1.469167,1.694259
8989,CORANT.ART.ALIM.GEL PRETO AMEIXA 15G,1.469167,1.675795
8984,CORANT.ART.ALIM.GEL ROSA CEREJA 15G,1.469167,1.675795
15720,CORANT.ART.ALIM.GEL ROXO BATATA 15G,1.469167,1.675795
8987,CORANT.ART.ALIM.GEL VERDE FOLHA 15G,1.469167,1.675795
8996,CORANT.ART.ALIM.GEL VERDE HORTELA 15G,1.469167,1.694259
8988,CORANT.ART.ALIM.GEL VERDE LIMAO 15G,1.469167,1.675795
8991,CORANT.ART.ALIM.GEL VERM.MORANGO 15G,1.469167,1.640114
8990,CORANT.ART.ALIM.GEL VERM.NATAL 15G,1.469167,1.675795
8995,CORANT.ART.ALIM.GEL VIOLETA 15G,1.469167,1.675795
8977,CORANT.ART.ALIM.LARANJA SOFTGEL 25G,2.58,2.942801
12495,CORANT.ART.ALIM.LILAS SOFTGEL 25G,2.58,2.942801
8973,CORANT.ART.ALIM.MARROM CHOC.SOFTGEL 25G,2.58,2.942801
15757,CORANT.ART.ALIM.PINK SOFTGEL 25G,2.58,2.942801
8970,CORANT.ART.ALIM.PRETO INTENS.SOFTGEL 25G,2.58,2.942801
8971,CORANT.ART.ALIM.ROSA CEREJ.SOFTGEL 25G,2.58,2.942801
8978,CORANT.ART.ALIM.SALMAO SOFTGEL 25G,2.58,2.880141
15761,CORANT.ART.ALIM.SUPER BRANCO SOFTGEL 25G,2.58,2.975226
24232,CORANT.ART.ALIM.VERDE C.COLO.SOFTGEL 25G,2.58,2.942801
8972,CORANT.ART.ALIM.VERDE FOLHA SOFTGEL 25G,2.58,2.942801
8976,CORANT.ART.ALIM.VERDE HORT.SOFTGEL 25G,2.58,2.942801
15756,CORANT.ART.ALIM.VERDE LIMAO SOFTGEL 25G,2.58,2.942801
8975,CORANT.ART.ALIM.VERM.MORANGO SOFTGEL 25G,2.58,2.942801
8974,CORANT.ART.ALIM.VERM.NATAL SOFTGEL 25G,2.58,2.942801
14164,CORANT.ART.ALIM.VIOLETA SOFTGEL 25G,2.58,2.880141
9027,CORANT.P/CHOC.MIX AMARELO 12G,2.271667,2.591143
9026,CORANT.P/CHOC.MIX AZUL 12G,2.271667,2.619693
9028,CORANT.P/CHOC.MIX LARANJA 12G,2.271667,2.59206
9029,CORANT.P/CHOC.MIX PRETO 12G,2.271667,2.619693
9032,CORANT.P/CHOC.MIX ROSA 12G,2.271667,2.619693
9030,CORANT.P/CHOC.MIX VERDE 12G,2.271667,2.619693
9031,CORANT.P/CHOC.MIX VERMELHO 12G,2.271667,2.591143
9033,CORANT.P/CHOC.MIX VIOLETA 12G,2.2725,2.59206
25303,CORANT.SOFTGEL CANDY COLORS AMARELO 1UN,2.58,2.942801
9009,COR.P/CHOC.MIX AMARELO DAMASCO 10ML,0.930833,1.073393
9010,COR.P/CHOC.MIX AMARELO GEMA 10ML,0.930833,1.073393
9012,COR.P/CHOC.MIX AZUL JEANS 10ML,0.930833,1.073393
9025,COR.P/CHOC.MIX BRANCO LEITE 10ML,0.930833,1.061694
9013,COR.P/CHOC.MIX LARANJA 10ML,0.930833,1.039087
9014,COR.P/CHOC.MIX MARROM CHOCOLATE 10ML,0.930833,1.03819
9016,COR.P/CHOC.MIX PINK 10ML,0.930833,1.073393
9022,COR.P/CHOC.MIX PRETO AMEIXA 10ML,0.930833,0.940198
9015,COR.P/CHOC.MIX ROSA CEREJA 10ML,0.930833,1.073393
9018,COR.P/CHOC.MIX VERDE FOLHA 10ML,0.930833,1.061694
9017,COR.P/CHOC.MIX VERDE HORTELA 10ML,0.930833,1.039087
9019,COR.P/CHOC.MIX VERDE LIMAO 10ML,0.930833,1.073393
9021,COR.P/CHOC.MIX VERMELHO MORANGO 10ML,0.930833,1.073393
9020,COR.P/CHOC.MIX VERMELHO NATAL 10ML,0.930833,1.073393
9024,COR.P/CHOC.MIX VINHO 10ML,0.930833,0.940198
9023,COR.P/CHOC.MIX VIOLETA 10ML,0.930833,1.073393
8998,GLACE REAL MIX 1KG,6.853,8.37133
15752,GRANULADO ESCURO MACIO MIX 150G,1.219167,1.390753
15745,GRANULADO ESCURO MACIO MIX 500G,3.771278,3.980882
24233,GRANULADO MACIO ESCURO MIX 1.01KG,6.075333,6.929612
25304,GRANULADO MACIO MESCLADO MIX 1.01KG,5.879,6.928464
22557,MICANGA AMARELA MIX 500G,5.144,5.867352
22556,MICANGA AZUL MIX 500G,5.144,5.867352
22561,MICANGA BRIGADEIRO MIX 500G,5.7687,5.922444
22560,MICANGA ROSA MIX 500G,5.144,5.867352
22559,MICANGA VERDE MIX 500G,5.144,5.867352
22555,MICANGA VERMELHA MIX 500G,5.144,5.932
22558,MICANGA 8 CORES MIX 500G,5.6575,6.451806
9044,XAROPE DE GLUCOSE MIX 150G,2.51,2.822987
24878,BASE TORTA DOCE CIRC.40MM ART TART 216G,7.56,9.482016
24880,BASE TORTA DOC.TRIANG.70MM ART TART 270G,9.45,10.594143
24885,BASE TORTA SALG.CIRC.40MM ART TART 216G,7.56,9.482016
24882,B.TORTA DOC.CIRC.CHOC.40MM ART TART 216G,7.56,9.482016
27155,B.TORTA DOC.CIRC.VERM.40MM ART TORT 216G,7.9375,0
12498,CHOCOLATE AMARGO SUPREME SELECTA 1.01KG,13.1261,12.920423
10376,CHOCOLATE AO LEITE CONFEIT.SELECTA 1.01K,9.9992,10.118779
12497,CHOCOLATE AO LEITE SUPREME SELECTA 1.01K,12.2168,12.364007
10377,CHOCOLATE BRANCO CONFEIT.SELECTA 1.01K,11.0051,11.137014
12499,CHOCOLATE BRANCO SUPREME SELECTA 1.01K,12.2168,12.364005
10378,CHOCOLATE M.AMARGO CONFEIT.SELECTA 1.01K,9.8658,9.983922
10379,CHOCOLATE 33% SELECTA 1.01KG,11.787,13.157955
10380,CHOCOLATE 50% SELECTA 1.01KG,15.673,18.25533
17650,CHOCO.MEIO AMARGO SUPREME SELECTA 1.01K,11.8776,12.020594
17649,CREME GANAC.SUPREME CHOC.AO LEITE 1.01KG,14.7505,14.927496
17646,CREME GANAC.SUPREME CHOC.M.AMARGO 1.01KG,15.732,15.920888
17648,CREME GANAC.SUPREME CHOCOLATE BCO.1.01KG,14.5205,14.693895
10361,COBERT.P/SORV.CHOC.M.AMARGO SELECTA 1.3K,8.310833,8.601679
10360,COBERT.P/SORVETE CHOCOLATE SELECTA 1.3K,9.238333,9.561642
10362,COBERT.P/SORVETE KIWI SELECTA 1.3K,6.2125,6.429938
10363,COBERT.P/SORVETE LEIT.COND.SELECTA 1.3K,6.2125,6.178121
10358,COBERT.P/SORVETE LEITE COND.SELECTA 300G,2.69625,2.790569
10364,COBERT.P/SORVETE LIMAO SELECTA 1.3K,6.2125,6.429938
10365,COBERT.P/SORVETE MENTA SELECTA 1.3K,6.2125,6.429938
10366,COBERT.P/SORVETE MORANGO SELECTA 1.3K,5.980833,6.190129
10359,COBERT.P/SORVETE MORANGO SELECTA 300G,2.423333,2.508117
10367,COBERT.P/SORVETE UVA SELECTA 1.3K,6.2125,6.429938
10357,COBERTURA CHOCOLATE SELECTA 300G,3.140417,3.250315
27276,CREME DE CHOCO.C/AVELA SPECIALITA 1.01KG,22.338333,0
27275,CREME DE LEITINHO SPECIALITA 1.01KG,17.815,0
10356,EMUSIFICANTE NEUTRO SELECTA 1KG,8.38,8.6733
14206,EMUSIFICANTE NEUTRO SELECTA 200G,3.399167,3.518171
10352,SUPER LIGA NEUTRA ESTABILIZANTE 100G,2.165,2.240775
10353,SUPER LIGA NEUTRA ESTABILIZ.EM PO 1KG,7.25,6.7275
10706,PIPOCA BOKU'S CARAMELO C/AMENDOIM 60G,1.2,1.2
10707,PIPOCA BOKU'S SALG.10G,0.15,0.15
10709,PIPOCA BOKU'S SALG.30G,0.44,0.44
10708,PIPOCA BOKU'S SALG.45G,0.575,0.575
16338,OVOS VERMELHO MEDIO FORTEGEMA C/30UN,10,10
14117,BEB.GIN BEEFEATER 750ML,91.114712,91.114692
26723,BEB.VODKA MONTILLA 1L,11.513917,11.513909
512,BEB.VODKA ORLOFF 1L,20.939933,20.939934
518,BEB.WHISKY BALLANTINES 12 ANOS 1L,79.901233,79.901218
14118,BEB.WHISKY BALLANTINES 12 ANOS 750ML,60.237392,60.237391
513,BEB.WHISKY PASSPORT 1L,26.509681,26.509676
16464,ARROZ CAMIL BRANCO TIPO 1 1KG,2.665,2.468475
39,FT IND.MED.DE OURO 50KG,105,105
39,FT IND.MED.DE OURO 50KG,105,105
45,FT IND.ADORITA ESP.50KG,102,102
39,FT IND.MED.DE OURO 50KG,105,105
39,FT IND.MED.DE OURO 50KG,105,105
45,FT IND.ADORITA ESP.50KG,102,102
39,FT IND.MED.DE OURO 50KG,105,105
252,FT IND.ADORITA ESP.25KG,51,51
3216,FT IND.DO PADEIRO 25KG,51,51
250,FT IND.MED.DE OURO 25KG,52.5,52.5
26244,BALA SIMONETTO KIDS 1.5KG,11.098667,10.58781
23978,BALA YORGUTE SIMONETTO MORANGO 600G,4.2,4.0068
23979,BALA YORGUTE SIMONETTO SORTIDOS 500G,3.29002,4.0068
23971,CARAMELO DE AMENDOIM SIMONETTO 600G,5.749917,5.485601
23972,CARAMELO DE CAFE C/LEITE SIMONETTO 600G,5.749917,5.485601
23973,CARAMELO DE LEITE SIMONETTO 600G,5.749917,5.485497
13202,BALAO 6.5 LISO SAO ROQUE AMARELO 50UN,2.728,2.971809
13213,BALAO 6.5 LISO SAO ROQUE AZUL CL.50UN,2.728,2.97887
13203,BALAO 6.5 LISO SAO ROQUE BRANCO 50UN,2.728,2.971809
13210,BALAO 6.5 LISO SAO ROQUE MARAVILHA 50UN,2.728,2.971809
13200,BALAO 6.5 LISO SAO ROQUE ROSA CLARO 50UN,2.728,2.981058
13205,BALAO 6.5 LISO SAO ROQUE ROSA 50UN,2.728,2.971809
13206,BALAO 6.5 LISO SAO ROQUE SORTIDA 50UN,2.728,3.041754
13199,BALAO 6.5 LISO SAO ROQUE VERMELHO 50UN,2.728,2.877107
24447,BALAO 7 CINTILAN.SAO ROQUE AMARELO 50UN,4.433,4.826089
24446,BALAO 7 CINTILAN.SAO ROQUE VERMELHO 50UN,4.433,4.844219
10289,BALAO 7 CINTILANTE SAO ROQUE BRANCO 50UN,4.433,4.826198
10290,BALAO 7 CINTILANTE SAO ROQUE DOURADO50UN,4.433,4.82919
10301,BALAO 7 LISO SAO ROQUE AMARELO CIT.50UN,3.872,4.218052
10305,BALAO 7 LISO SAO ROQUE AZUL BEBE 50UN,3.872,4.218052
10296,BALAO 7 LISO SAO ROQUE AZUL TURQ.50UN,3.872,4.218052
10298,BALAO 7 LISO SAO ROQUE LARANJ.MAND.50UN,3.872,4.218052
10302,BALAO 7 LISO SAO ROQUE PRETO EBANO 50UN,3.872,4.218052
10287,BALAO 7 LISO SAO ROQUE ROSA PINK 50UN,3.872,4.215344
10288,BALAO 7 LISO SAO ROQUE SORTIDO 50UN,3.872,4.218052
10294,BALAO 7 LISO SAO ROQUE TIFFANY 50UN,3.872,4.218052
10300,BALAO 7 LISO SAO ROQUE TUTTI FRUIT 50UN,3.872,4.218052
10306,BALAO 7 LISO SAO ROQUE VERDE BANDEI.50UN,3.872,4.231179
10299,BALAO 7 LISO SAO ROQUE VERM.QUENTE 50UN,3.872,4.218161
24955,BALAO 7 PEROLADO SAO ROQUE AMARELO 50UN,4.433,4.831265
24963,BALAO 7 PEROLADO SAO ROQUE ROSA CLA.50UN,4.433,4.82919
24967,BALAO 7 PEROLADO SAO ROQUE SORTIDOS 50UN,4.433,4.831265
24956,BALAO 9 NEON SAO ROQUE AMARELO 25UN,3.366,3.666829
24958,BALAO 9 NEON SAO ROQUE AZUL 25UN,3.366,3.668296
24961,BALAO 9 NEON SAO ROQUE LR.CITRICO 25UN,3.366,3.668405
24959,BALAO 9 NEON SAO ROQUE ROSA 25UN,3.366,3.666829
24962,BALAO 9 NEON SAO ROQUE SORTIDOS 25UN,3.366,3.666829
24957,BALAO 9 NEON SAO ROQUE VERDE 25UN,3.366,3.668405
24960,BALAO 9 NEON SAO ROQUE VILOETA 25UN,3.366,3.668405
17195,MORTADELA DE FRANGO PERDIGAO 1UN,18.305,18.305
20106,BEIJINHO MOCA NESTLE LATA 365G,3.9769,4.734375
20105,BRIGADEIRO MOCA NESTLE LATA 385G,3.997944,4.734375
20107,CHOCOLATE CREMOSO MOCA NESTLE LATA 380G,4.103167,4.734389
22115,KITKAT NESTLE WAFFER CHOC.AO LEITE 41.5G,1.94558,1.5466
